guia,origen,destino,estado,costo_flete,despacho_dia,despacho_mes,despacho_ano,limite_dia,limite_mes,limite_ano,origen_latitude,origen_longitude,destino_latitude,destino_longitude
guia_101_despacho,bogota,medellin,en_bodega,1200,4,6,2026,10,6,2026,4.711,-74.0721,6.2442,-75.5812
guia_102_transporte,cali,barranquilla,en_transito,2100,1,6,2026,5,6,2026,3.4516,-76.532,10.9685,-74.7813
guia_103_critica,bogota,cartagena,en_novedad,32000,2,6,2026,9,6,2026,4.711,-74.0721,10.391,-75.4794
guia_104_fraude,medellin,bucaramanga,en_novedad,5500,3,6,2026,8,6,2026,6.2442,-75.5812,7.1254,-73.1198
guia_105_estrella,pereira,bogota,entregado,950,4,6,2026,8,6,2026,4.8133,-75.6961,4.711,-74.0721
guia_106,bucaramanga,cartagena,preparacion,2056,2,6,2026,10,6,2026,7.1254,-73.1198,10.391,-75.4794
guia_107,cali,medellin,en_bodega,982,5,6,2026,15,6,2026,3.4516,-76.532,6.2442,-75.5812
guia_108,pereira,bucaramanga,en_bodega,980,4,6,2026,8,6,2026,4.8133,-75.6961,7.1254,-73.1198
guia_109,bogota,barranquilla,en_bodega,4756,1,6,2026,10,6,2026,4.711,-74.0721,10.9685,-74.7813
guia_110,cartagena,medellin,entregado,3540,4,6,2026,14,6,2026,10.391,-75.4794,6.2442,-75.5812
guia_111,bucaramanga,bogota,preparacion,997,6,6,2026,13,6,2026,7.1254,-73.1198,4.711,-74.0721
guia_112,cartagena,pereira,preparacion,1785,2,6,2026,10,6,2026,10.391,-75.4794,4.8133,-75.6961
guia_113,cartagena,barranquilla,en_transito,3305,1,6,2026,13,6,2026,10.391,-75.4794,10.9685,-74.7813
guia_114,bucaramanga,bogota,en_transito,3478,5,6,2026,14,6,2026,7.1254,-73.1198,4.711,-74.0721
guia_115,pereira,bogota,en_novedad,4511,6,6,2026,10,6,2026,4.8133,-75.6961,4.711,-74.0721
guia_116,barranquilla,pereira,preparacion,3741,2,6,2026,15,6,2026,10.9685,-74.7813,4.8133,-75.6961
guia_117,bogota,bucaramanga,entregado,2893,2,6,2026,14,6,2026,4.711,-74.0721,7.1254,-73.1198
guia_118,cartagena,cali,preparacion,2258,4,6,2026,11,6,2026,10.391,-75.4794,3.4516,-76.532
guia_119,barranquilla,bucaramanga,en_novedad,2592,3,6,2026,13,6,2026,10.9685,-74.7813,7.1254,-73.1198
guia_120,cartagena,cali,preparacion,2134,4,6,2026,13,6,2026,10.391,-75.4794,3.4516,-76.532
guia_121,pereira,bogota,entregado,1336,2,6,2026,14,6,2026,4.8133,-75.6961,4.711,-74.0721
guia_122,bucaramanga,pereira,preparacion,3927,2,6,2026,8,6,2026,7.1254,-73.1198,4.8133,-75.6961
guia_123,cali,pereira,entregado,2494,1,6,2026,15,6,2026,3.4516,-76.532,4.8133,-75.6961
guia_124,cali,cartagena,entregado,2574,5,6,2026,13,6,2026,3.4516,-76.532,10.391,-75.4794
guia_125,cartagena,medellin,preparacion,4469,3,6,2026,14,6,2026,10.391,-75.4794,6.2442,-75.5812
guia_126,barranquilla,bogota,en_bodega,2516,5,6,2026,11,6,2026,10.9685,-74.7813,4.711,-74.0721
guia_127,cali,bucaramanga,entregado,4280,4,6,2026,12,6,2026,3.4516,-76.532,7.1254,-73.1198
guia_128,medellin,barranquilla,entregado,2221,6,6,2026,15,6,2026,6.2442,-75.5812,10.9685,-74.7813
guia_129,medellin,pereira,preparacion,720,4,6,2026,12,6,2026,6.2442,-75.5812,4.8133,-75.6961
guia_130,cali,cartagena,en_novedad,2613,2,6,2026,8,6,2026,3.4516,-76.532,10.391,-75.4794
guia_131,cali,cartagena,en_transito,845,2,6,2026,13,6,2026,3.4516,-76.532,10.391,-75.4794
guia_132,bogota,pereira,en_bodega,1629,3,6,2026,8,6,2026,4.711,-74.0721,4.8133,-75.6961
guia_133,cartagena,cali,en_novedad,1276,4,6,2026,8,6,2026,10.391,-75.4794,3.4516,-76.532
guia_134,pereira,barranquilla,preparacion,1661,5,6,2026,11,6,2026,4.8133,-75.6961,10.9685,-74.7813
guia_135,bucaramanga,cali,entregado,2715,5,6,2026,15,6,2026,7.1254,-73.1198,3.4516,-76.532
guia_136,bucaramanga,medellin,en_novedad,4416,3,6,2026,13,6,2026,7.1254,-73.1198,6.2442,-75.5812
guia_137,barranquilla,pereira,en_transito,1978,1,6,2026,11,6,2026,10.9685,-74.7813,4.8133,-75.6961
guia_138,bucaramanga,pereira,entregado,699,6,6,2026,9,6,2026,7.1254,-73.1198,4.8133,-75.6961
guia_139,bogota,cali,en_novedad,984,6,6,2026,13,6,2026,4.711,-74.0721,3.4516,-76.532
guia_140,bucaramanga,barranquilla,en_novedad,2739,3,6,2026,11,6,2026,7.1254,-73.1198,10.9685,-74.7813
guia_141,bucaramanga,pereira,en_novedad,4017,6,6,2026,15,6,2026,7.1254,-73.1198,4.8133,-75.6961
guia_142,cartagena,bogota,en_bodega,1262,1,6,2026,8,6,2026,10.391,-75.4794,4.711,-74.0721
guia_143,barranquilla,bucaramanga,entregado,1811,2,6,2026,9,6,2026,10.9685,-74.7813,7.1254,-73.1198
guia_144,medellin,pereira,en_novedad,1682,2,6,2026,10,6,2026,6.2442,-75.5812,4.8133,-75.6961
guia_145,pereira,barranquilla,en_novedad,4493,3,6,2026,14,6,2026,4.8133,-75.6961,10.9685,-74.7813
guia_146,cartagena,cali,en_novedad,647,4,6,2026,13,6,2026,10.391,-75.4794,3.4516,-76.532
guia_147,barranquilla,cali,en_novedad,3409,6,6,2026,10,6,2026,10.9685,-74.7813,3.4516,-76.532
guia_148,bogota,bucaramanga,entregado,2265,4,6,2026,13,6,2026,4.711,-74.0721,7.1254,-73.1198
guia_149,barranquilla,cali,en_bodega,2480,2,6,2026,14,6,2026,10.9685,-74.7813,3.4516,-76.532
guia_150,cali,cartagena,en_bodega,1285,1,6,2026,10,6,2026,3.4516,-76.532,10.391,-75.4794
guia_151,cartagena,barranquilla,preparacion,769,4,6,2026,11,6,2026,10.391,-75.4794,10.9685,-74.7813
guia_152,pereira,cali,en_novedad,767,5,6,2026,12,6,2026,4.8133,-75.6961,3.4516,-76.532
guia_153,cali,barranquilla,en_novedad,2946,2,6,2026,13,6,2026,3.4516,-76.532,10.9685,-74.7813
guia_154,bucaramanga,barranquilla,en_transito,1513,3,6,2026,13,6,2026,7.1254,-73.1198,10.9685,-74.7813
guia_155,pereira,medellin,en_transito,4091,1,6,2026,14,6,2026,4.8133,-75.6961,6.2442,-75.5812
guia_156,medellin,bucaramanga,entregado,2887,1,6,2026,11,6,2026,6.2442,-75.5812,7.1254,-73.1198
guia_157,cartagena,pereira,entregado,3359,1,6,2026,11,6,2026,10.391,-75.4794,4.8133,-75.6961
guia_158,cali,bucaramanga,preparacion,1498,1,6,2026,12,6,2026,3.4516,-76.532,7.1254,-73.1198
guia_159,cali,bucaramanga,en_bodega,1521,4,6,2026,9,6,2026,3.4516,-76.532,7.1254,-73.1198
guia_160,pereira,medellin,entregado,4626,4,6,2026,10,6,2026,4.8133,-75.6961,6.2442,-75.5812
guia_161,medellin,bogota,preparacion,2308,1,6,2026,11,6,2026,6.2442,-75.5812,4.711,-74.0721
guia_162,cali,medellin,en_transito,2513,2,6,2026,13,6,2026,3.4516,-76.532,6.2442,-75.5812
guia_163,cartagena,bucaramanga,entregado,1318,3,6,2026,15,6,2026,10.391,-75.4794,7.1254,-73.1198
guia_164,bucaramanga,medellin,en_novedad,3142,4,6,2026,15,6,2026,7.1254,-73.1198,6.2442,-75.5812
guia_165,bucaramanga,barranquilla,preparacion,559,2,6,2026,11,6,2026,7.1254,-73.1198,10.9685,-74.7813
guia_166,cali,pereira,en_novedad,954,6,6,2026,15,6,2026,3.4516,-76.532,4.8133,-75.6961
guia_167,cali,pereira,entregado,3995,1,6,2026,15,6,2026,3.4516,-76.532,4.8133,-75.6961
guia_168,cali,pereira,en_transito,1070,5,6,2026,11,6,2026,3.4516,-76.532,4.8133,-75.6961
guia_169,cartagena,cali,preparacion,3611,6,6,2026,15,6,2026,10.391,-75.4794,3.4516,-76.532
guia_170,cali,pereira,entregado,952,5,6,2026,9,6,2026,3.4516,-76.532,4.8133,-75.6961
guia_171,cali,medellin,en_novedad,3612,5,6,2026,8,6,2026,3.4516,-76.532,6.2442,-75.5812
guia_172,cali,cartagena,preparacion,3831,3,6,2026,8,6,2026,3.4516,-76.532,10.391,-75.4794
guia_173,cartagena,pereira,en_bodega,3236,5,6,2026,12,6,2026,10.391,-75.4794,4.8133,-75.6961
guia_174,bucaramanga,cartagena,en_bodega,3863,1,6,2026,8,6,2026,7.1254,-73.1198,10.391,-75.4794
guia_175,bucaramanga,pereira,en_novedad,2733,4,6,2026,9,6,2026,7.1254,-73.1198,4.8133,-75.6961
guia_176,barranquilla,bucaramanga,en_bodega,837,2,6,2026,10,6,2026,10.9685,-74.7813,7.1254,-73.1198
guia_177,bogota,pereira,en_bodega,3468,1,6,2026,11,6,2026,4.711,-74.0721,4.8133,-75.6961
guia_178,pereira,cali,en_transito,2162,3,6,2026,8,6,2026,4.8133,-75.6961,3.4516,-76.532
guia_179,cali,cartagena,preparacion,1346,1,6,2026,9,6,2026,3.4516,-76.532,10.391,-75.4794
guia_180,barranquilla,bogota,preparacion,935,3,6,2026,10,6,2026,10.9685,-74.7813,4.711,-74.0721
guia_181,cartagena,cali,entregado,4380,6,6,2026,12,6,2026,10.391,-75.4794,3.4516,-76.532
guia_182,medellin,cartagena,en_bodega,4384,6,6,2026,10,6,2026,6.2442,-75.5812,10.391,-75.4794
guia_183,cartagena,pereira,en_novedad,1988,3,6,2026,11,6,2026,10.391,-75.4794,4.8133,-75.6961
guia_184,medellin,barranquilla,entregado,1557,2,6,2026,10,6,2026,6.2442,-75.5812,10.9685,-74.7813
guia_185,cali,bucaramanga,en_transito,2542,4,6,2026,15,6,2026,3.4516,-76.532,7.1254,-73.1198
guia_186,bucaramanga,barranquilla,en_bodega,2970,3,6,2026,10,6,2026,7.1254,-73.1198,10.9685,-74.7813
guia_187,bogota,pereira,en_bodega,3226,4,6,2026,12,6,2026,4.711,-74.0721,4.8133,-75.6961
guia_188,barranquilla,cali,entregado,3110,6,6,2026,10,6,2026,10.9685,-74.7813,3.4516,-76.532
guia_189,medellin,pereira,entregado,4310,3,6,2026,8,6,2026,6.2442,-75.5812,4.8133,-75.6961
guia_190,bucaramanga,pereira,entregado,1940,2,6,2026,8,6,2026,7.1254,-73.1198,4.8133,-75.6961
guia_191,cartagena,bucaramanga,entregado,780,4,6,2026,11,6,2026,10.391,-75.4794,7.1254,-73.1198
guia_192,cali,bucaramanga,en_transito,1278,4,6,2026,8,6,2026,3.4516,-76.532,7.1254,-73.1198
guia_193,bogota,cartagena,entregado,4173,4,6,2026,10,6,2026,4.711,-74.0721,10.391,-75.4794
guia_194,medellin,pereira,preparacion,3263,4,6,2026,15,6,2026,6.2442,-75.5812,4.8133,-75.6961
guia_195,bogota,cali,en_novedad,1966,5,6,2026,11,6,2026,4.711,-74.0721,3.4516,-76.532
guia_196,bogota,pereira,en_bodega,1698,4,6,2026,9,6,2026,4.711,-74.0721,4.8133,-75.6961
guia_197,barranquilla,bucaramanga,en_bodega,2726,3,6,2026,15,6,2026,10.9685,-74.7813,7.1254,-73.1198
guia_198,medellin,bucaramanga,en_novedad,1958,2,6,2026,13,6,2026,6.2442,-75.5812,7.1254,-73.1198
guia_199,cali,medellin,en_novedad,2733,4,6,2026,12,6,2026,3.4516,-76.532,6.2442,-75.5812
guia_200,bucaramanga,cartagena,en_transito,751,4,6,2026,13,6,2026,7.1254,-73.1198,10.391,-75.4794
guia_201,cali,cartagena,en_bodega,3594,4,6,2026,15,6,2026,3.4516,-76.532,10.391,-75.4794
guia_202,cartagena,barranquilla,entregado,2451,2,6,2026,14,6,2026,10.391,-75.4794,10.9685,-74.7813
guia_203,cali,barranquilla,en_transito,734,6,6,2026,10,6,2026,3.4516,-76.532,10.9685,-74.7813
guia_204,pereira,cali,en_transito,4184,1,6,2026,15,6,2026,4.8133,-75.6961,3.4516,-76.532
guia_205,bucaramanga,cartagena,entregado,2933,2,6,2026,10,6,2026,7.1254,-73.1198,10.391,-75.4794
guia_206,bucaramanga,pereira,entregado,3770,2,6,2026,9,6,2026,7.1254,-73.1198,4.8133,-75.6961
guia_207,bogota,cali,entregado,1836,6,6,2026,12,6,2026,4.711,-74.0721,3.4516,-76.532
guia_208,bucaramanga,cali,en_bodega,775,4,6,2026,12,6,2026,7.1254,-73.1198,3.4516,-76.532
guia_209,pereira,barranquilla,en_bodega,4688,2,6,2026,11,6,2026,4.8133,-75.6961,10.9685,-74.7813
guia_210,bucaramanga,bogota,entregado,4360,1,6,2026,15,6,2026,7.1254,-73.1198,4.711,-74.0721
guia_211,barranquilla,cartagena,preparacion,1519,3,6,2026,8,6,2026,10.9685,-74.7813,10.391,-75.4794
guia_212,bucaramanga,medellin,entregado,2649,5,6,2026,8,6,2026,7.1254,-73.1198,6.2442,-75.5812
guia_213,pereira,bogota,en_novedad,614,5,6,2026,15,6,2026,4.8133,-75.6961,4.711,-74.0721
guia_214,bogota,pereira,en_novedad,4069,3,6,2026,13,6,2026,4.711,-74.0721,4.8133,-75.6961
guia_215,cali,pereira,preparacion,4518,4,6,2026,12,6,2026,3.4516,-76.532,4.8133,-75.6961
guia_216,medellin,cartagena,en_transito,908,4,6,2026,13,6,2026,6.2442,-75.5812,10.391,-75.4794
guia_217,barranquilla,cali,en_bodega,3384,3,6,2026,11,6,2026,10.9685,-74.7813,3.4516,-76.532
guia_218,bogota,medellin,en_novedad,2256,1,6,2026,8,6,2026,4.711,-74.0721,6.2442,-75.5812
guia_219,bogota,cali,entregado,3824,1,6,2026,15,6,2026,4.711,-74.0721,3.4516,-76.532
guia_220,cali,bogota,en_transito,2416,3,6,2026,12,6,2026,3.4516,-76.532,4.711,-74.0721
guia_221,bogota,cartagena,en_bodega,2619,2,6,2026,10,6,2026,4.711,-74.0721,10.391,-75.4794
guia_222,medellin,bucaramanga,en_novedad,4400,5,6,2026,12,6,2026,6.2442,-75.5812,7.1254,-73.1198
guia_223,barranquilla,medellin,en_bodega,3464,3,6,2026,10,6,2026,10.9685,-74.7813,6.2442,-75.5812
guia_224,barranquilla,bucaramanga,en_novedad,931,2,6,2026,13,6,2026,10.9685,-74.7813,7.1254,-73.1198
guia_225,barranquilla,medellin,en_transito,3147,2,6,2026,14,6,2026,10.9685,-74.7813,6.2442,-75.5812
guia_226,medellin,barranquilla,en_transito,3744,4,6,2026,11,6,2026,6.2442,-75.5812,10.9685,-74.7813
guia_227,barranquilla,cartagena,en_bodega,1986,4,6,2026,15,6,2026,10.9685,-74.7813,10.391,-75.4794
guia_228,medellin,pereira,en_transito,1943,6,6,2026,13,6,2026,6.2442,-75.5812,4.8133,-75.6961
guia_229,barranquilla,cali,en_novedad,3578,1,6,2026,11,6,2026,10.9685,-74.7813,3.4516,-76.532
guia_230,barranquilla,bucaramanga,en_bodega,2635,1,6,2026,9,6,2026,10.9685,-74.7813,7.1254,-73.1198
guia_231,medellin,cartagena,preparacion,4038,3,6,2026,15,6,2026,6.2442,-75.5812,10.391,-75.4794
guia_232,bucaramanga,pereira,preparacion,4254,3,6,2026,15,6,2026,7.1254,-73.1198,4.8133,-75.6961
guia_233,medellin,barranquilla,en_bodega,2098,2,6,2026,10,6,2026,6.2442,-75.5812,10.9685,-74.7813
guia_234,cali,bucaramanga,preparacion,1685,2,6,2026,14,6,2026,3.4516,-76.532,7.1254,-73.1198
guia_235,barranquilla,bogota,en_transito,882,2,6,2026,12,6,2026,10.9685,-74.7813,4.711,-74.0721
guia_236,bogota,barranquilla,en_novedad,2473,6,6,2026,15,6,2026,4.711,-74.0721,10.9685,-74.7813
guia_237,bogota,bucaramanga,en_novedad,1565,5,6,2026,11,6,2026,4.711,-74.0721,7.1254,-73.1198
guia_238,cali,bogota,en_transito,899,4,6,2026,15,6,2026,3.4516,-76.532,4.711,-74.0721
guia_239,pereira,medellin,en_bodega,3001,1,6,2026,15,6,2026,4.8133,-75.6961,6.2442,-75.5812
guia_240,pereira,cartagena,en_transito,1378,3,6,2026,13,6,2026,4.8133,-75.6961,10.391,-75.4794
guia_241,bucaramanga,bogota,en_novedad,1400,1,6,2026,14,6,2026,7.1254,-73.1198,4.711,-74.0721
guia_242,bogota,medellin,en_transito,1821,4,6,2026,8,6,2026,4.711,-74.0721,6.2442,-75.5812
guia_243,pereira,cali,en_bodega,4740,6,6,2026,8,6,2026,4.8133,-75.6961,3.4516,-76.532
guia_244,cali,medellin,en_transito,3348,6,6,2026,9,6,2026,3.4516,-76.532,6.2442,-75.5812
guia_245,barranquilla,cartagena,en_transito,1281,1,6,2026,11,6,2026,10.9685,-74.7813,10.391,-75.4794
guia_246,medellin,bogota,en_transito,3586,1,6,2026,12,6,2026,6.2442,-75.5812,4.711,-74.0721
guia_247,medellin,barranquilla,en_bodega,2589,5,6,2026,8,6,2026,6.2442,-75.5812,10.9685,-74.7813
guia_248,bogota,medellin,en_novedad,838,5,6,2026,15,6,2026,4.711,-74.0721,6.2442,-75.5812
guia_249,medellin,cali,en_bodega,649,1,6,2026,9,6,2026,6.2442,-75.5812,3.4516,-76.532
guia_250,barranquilla,bucaramanga,en_bodega,4682,5,6,2026,8,6,2026,10.9685,-74.7813,7.1254,-73.1198
guia_251,cartagena,cali,entregado,728,5,6,2026,13,6,2026,10.391,-75.4794,3.4516,-76.532
guia_252,bogota,cali,preparacion,2533,6,6,2026,12,6,2026,4.711,-74.0721,3.4516,-76.532
guia_253,barranquilla,medellin,entregado,2225,2,6,2026,14,6,2026,10.9685,-74.7813,6.2442,-75.5812
guia_254,medellin,bogota,entregado,3753,1,6,2026,13,6,2026,6.2442,-75.5812,4.711,-74.0721
guia_255,bogota,pereira,preparacion,660,2,6,2026,11,6,2026,4.711,-74.0721,4.8133,-75.6961
guia_256,medellin,bucaramanga,entregado,4510,1,6,2026,13,6,2026,6.2442,-75.5812,7.1254,-73.1198
guia_257,cartagena,medellin,en_novedad,2009,6,6,2026,11,6,2026,10.391,-75.4794,6.2442,-75.5812
guia_258,cali,pereira,en_bodega,3616,5,6,2026,10,6,2026,3.4516,-76.532,4.8133,-75.6961
guia_259,cartagena,pereira,preparacion,3290,5,6,2026,10,6,2026,10.391,-75.4794,4.8133,-75.6961
guia_260,pereira,cali,entregado,749,5,6,2026,8,6,2026,4.8133,-75.6961,3.4516,-76.532
guia_261,barranquilla,bucaramanga,preparacion,1538,6,6,2026,14,6,2026,10.9685,-74.7813,7.1254,-73.1198
guia_262,cali,pereira,preparacion,3919,6,6,2026,12,6,2026,3.4516,-76.532,4.8133,-75.6961
guia_263,medellin,bogota,entregado,640,1,6,2026,8,6,2026,6.2442,-75.5812,4.711,-74.0721
guia_264,barranquilla,bucaramanga,entregado,1754,4,6,2026,11,6,2026,10.9685,-74.7813,7.1254,-73.1198
guia_265,barranquilla,bucaramanga,preparacion,1190,1,6,2026,9,6,2026,10.9685,-74.7813,7.1254,-73.1198
guia_266,barranquilla,cartagena,en_bodega,2915,6,6,2026,12,6,2026,10.9685,-74.7813,10.391,-75.4794
guia_267,barranquilla,bogota,en_transito,4385,5,6,2026,9,6,2026,10.9685,-74.7813,4.711,-74.0721
guia_268,cartagena,medellin,entregado,2126,4,6,2026,8,6,2026,10.391,-75.4794,6.2442,-75.5812
guia_269,bucaramanga,pereira,preparacion,1828,1,6,2026,13,6,2026,7.1254,-73.1198,4.8133,-75.6961
guia_270,bogota,bucaramanga,entregado,4662,5,6,2026,13,6,2026,4.711,-74.0721,7.1254,-73.1198
guia_271,barranquilla,medellin,entregado,4275,1,6,2026,9,6,2026,10.9685,-74.7813,6.2442,-75.5812
guia_272,cali,barranquilla,en_transito,1730,3,6,2026,12,6,2026,3.4516,-76.532,10.9685,-74.7813
guia_273,cali,bogota,en_transito,1979,5,6,2026,9,6,2026,3.4516,-76.532,4.711,-74.0721
guia_274,cali,barranquilla,en_transito,3817,4,6,2026,10,6,2026,3.4516,-76.532,10.9685,-74.7813
guia_275,pereira,cali,en_transito,4340,1,6,2026,12,6,2026,4.8133,-75.6961,3.4516,-76.532
guia_276,cartagena,pereira,en_bodega,4208,6,6,2026,14,6,2026,10.391,-75.4794,4.8133,-75.6961
guia_277,cartagena,barranquilla,entregado,774,3,6,2026,14,6,2026,10.391,-75.4794,10.9685,-74.7813
guia_278,cartagena,cali,entregado,2860,4,6,2026,9,6,2026,10.391,-75.4794,3.4516,-76.532
guia_279,medellin,bucaramanga,entregado,2363,6,6,2026,9,6,2026,6.2442,-75.5812,7.1254,-73.1198
guia_280,cartagena,bucaramanga,entregado,1794,3,6,2026,8,6,2026,10.391,-75.4794,7.1254,-73.1198
guia_281,pereira,bucaramanga,en_novedad,2459,2,6,2026,14,6,2026,4.8133,-75.6961,7.1254,-73.1198
guia_282,bogota,barranquilla,en_bodega,968,3,6,2026,10,6,2026,4.711,-74.0721,10.9685,-74.7813
guia_283,barranquilla,cali,en_novedad,823,2,6,2026,14,6,2026,10.9685,-74.7813,3.4516,-76.532
guia_284,medellin,cali,preparacion,4632,2,6,2026,8,6,2026,6.2442,-75.5812,3.4516,-76.532
guia_285,pereira,barranquilla,en_novedad,2448,1,6,2026,8,6,2026,4.8133,-75.6961,10.9685,-74.7813
guia_286,cartagena,barranquilla,preparacion,4675,4,6,2026,9,6,2026,10.391,-75.4794,10.9685,-74.7813
guia_287,barranquilla,medellin,en_novedad,4326,3,6,2026,8,6,2026,10.9685,-74.7813,6.2442,-75.5812
guia_288,bogota,pereira,en_transito,4373,2,6,2026,14,6,2026,4.711,-74.0721,4.8133,-75.6961
guia_289,cartagena,cali,preparacion,777,6,6,2026,8,6,2026,10.391,-75.4794,3.4516,-76.532
guia_290,pereira,cali,en_transito,3451,2,6,2026,9,6,2026,4.8133,-75.6961,3.4516,-76.532
guia_291,medellin,pereira,en_novedad,4259,4,6,2026,11,6,2026,6.2442,-75.5812,4.8133,-75.6961
guia_292,bucaramanga,bogota,en_transito,4240,1,6,2026,13,6,2026,7.1254,-73.1198,4.711,-74.0721
guia_293,bogota,cartagena,en_transito,4658,6,6,2026,13,6,2026,4.711,-74.0721,10.391,-75.4794
guia_294,pereira,bucaramanga,en_bodega,3739,3,6,2026,10,6,2026,4.8133,-75.6961,7.1254,-73.1198
guia_295,medellin,cali,entregado,3261,1,6,2026,13,6,2026,6.2442,-75.5812,3.4516,-76.532
guia_296,cartagena,medellin,preparacion,2527,6,6,2026,8,6,2026,10.391,-75.4794,6.2442,-75.5812
guia_297,bucaramanga,cartagena,en_bodega,1097,3,6,2026,11,6,2026,7.1254,-73.1198,10.391,-75.4794
guia_298,pereira,cartagena,en_transito,1387,3,6,2026,11,6,2026,4.8133,-75.6961,10.391,-75.4794
guia_299,bogota,barranquilla,en_bodega,3245,3,6,2026,12,6,2026,4.711,-74.0721,10.9685,-74.7813
guia_300,bogota,cali,entregado,3226,3,6,2026,8,6,2026,4.711,-74.0721,3.4516,-76.532
guia_301,pereira,medellin,entregado,3775,6,6,2026,12,6,2026,4.8133,-75.6961,6.2442,-75.5812
guia_302,bucaramanga,pereira,en_bodega,4008,4,6,2026,15,6,2026,7.1254,-73.1198,4.8133,-75.6961
guia_303,cali,medellin,preparacion,525,4,6,2026,11,6,2026,3.4516,-76.532,6.2442,-75.5812
guia_304,pereira,cartagena,en_transito,1998,5,6,2026,12,6,2026,4.8133,-75.6961,10.391,-75.4794
guia_305,cartagena,bucaramanga,en_novedad,2750,1,6,2026,10,6,2026,10.391,-75.4794,7.1254,-73.1198
guia_306,pereira,medellin,en_bodega,1044,1,6,2026,11,6,2026,4.8133,-75.6961,6.2442,-75.5812
guia_307,cartagena,bogota,preparacion,3859,4,6,2026,12,6,2026,10.391,-75.4794,4.711,-74.0721
guia_308,cartagena,medellin,en_bodega,2384,1,6,2026,13,6,2026,10.391,-75.4794,6.2442,-75.5812
guia_309,pereira,medellin,preparacion,3975,6,6,2026,12,6,2026,4.8133,-75.6961,6.2442,-75.5812
guia_310,cali,bogota,entregado,653,1,6,2026,15,6,2026,3.4516,-76.532,4.711,-74.0721
guia_311,medellin,cali,en_bodega,793,6,6,2026,10,6,2026,6.2442,-75.5812,3.4516,-76.532
guia_312,cartagena,barranquilla,entregado,3628,2,6,2026,10,6,2026,10.391,-75.4794,10.9685,-74.7813
guia_313,medellin,cartagena,preparacion,988,4,6,2026,10,6,2026,6.2442,-75.5812,10.391,-75.4794
guia_314,bucaramanga,bogota,preparacion,2888,5,6,2026,9,6,2026,7.1254,-73.1198,4.711,-74.0721
guia_315,bogota,bucaramanga,en_bodega,4257,5,6,2026,10,6,2026,4.711,-74.0721,7.1254,-73.1198
guia_316,bogota,pereira,en_bodega,1467,2,6,2026,8,6,2026,4.711,-74.0721,4.8133,-75.6961
guia_317,cartagena,medellin,entregado,949,2,6,2026,8,6,2026,10.391,-75.4794,6.2442,-75.5812
guia_318,medellin,bogota,preparacion,3400,1,6,2026,9,6,2026,6.2442,-75.5812,4.711,-74.0721
guia_319,barranquilla,medellin,en_bodega,2928,3,6,2026,11,6,2026,10.9685,-74.7813,6.2442,-75.5812
guia_320,barranquilla,cali,entregado,4332,4,6,2026,10,6,2026,10.9685,-74.7813,3.4516,-76.532
guia_321,bogota,cali,preparacion,2020,2,6,2026,14,6,2026,4.711,-74.0721,3.4516,-76.532
guia_322,pereira,cali,preparacion,4561,2,6,2026,13,6,2026,4.8133,-75.6961,3.4516,-76.532
guia_323,cali,medellin,en_transito,2108,5,6,2026,9,6,2026,3.4516,-76.532,6.2442,-75.5812
guia_324,pereira,bucaramanga,en_novedad,4193,4,6,2026,12,6,2026,4.8133,-75.6961,7.1254,-73.1198
guia_325,pereira,bucaramanga,en_novedad,1476,2,6,2026,14,6,2026,4.8133,-75.6961,7.1254,-73.1198
guia_326,cartagena,cali,en_transito,596,5,6,2026,15,6,2026,10.391,-75.4794,3.4516,-76.532
guia_327,barranquilla,bogota,preparacion,3990,2,6,2026,13,6,2026,10.9685,-74.7813,4.711,-74.0721
guia_328,cartagena,pereira,en_bodega,1672,1,6,2026,12,6,2026,10.391,-75.4794,4.8133,-75.6961
guia_329,barranquilla,cali,en_bodega,1340,4,6,2026,14,6,2026,10.9685,-74.7813,3.4516,-76.532
guia_330,cali,bogota,en_novedad,1818,2,6,2026,10,6,2026,3.4516,-76.532,4.711,-74.0721
guia_331,bucaramanga,cali,en_transito,3290,2,6,2026,12,6,2026,7.1254,-73.1198,3.4516,-76.532
guia_332,bucaramanga,cartagena,entregado,4540,3,6,2026,8,6,2026,7.1254,-73.1198,10.391,-75.4794
guia_333,pereira,bucaramanga,entregado,2696,2,6,2026,10,6,2026,4.8133,-75.6961,7.1254,-73.1198
guia_334,cali,bucaramanga,entregado,1813,3,6,2026,9,6,2026,3.4516,-76.532,7.1254,-73.1198
guia_335,bogota,cartagena,en_transito,3426,5,6,2026,13,6,2026,4.711,-74.0721,10.391,-75.4794
guia_336,pereira,cali,en_bodega,2277,1,6,2026,9,6,2026,4.8133,-75.6961,3.4516,-76.532
guia_337,bogota,cali,preparacion,3027,2,6,2026,10,6,2026,4.711,-74.0721,3.4516,-76.532
guia_338,cartagena,medellin,entregado,2516,5,6,2026,13,6,2026,10.391,-75.4794,6.2442,-75.5812
guia_339,cartagena,bogota,en_bodega,1025,4,6,2026,15,6,2026,10.391,-75.4794,4.711,-74.0721
guia_340,pereira,bucaramanga,en_novedad,1185,1,6,2026,12,6,2026,4.8133,-75.6961,7.1254,-73.1198
guia_341,cartagena,pereira,en_novedad,1657,6,6,2026,8,6,2026,10.391,-75.4794,4.8133,-75.6961
guia_342,pereira,medellin,en_transito,4519,5,6,2026,8,6,2026,4.8133,-75.6961,6.2442,-75.5812
guia_343,cartagena,bucaramanga,entregado,2401,2,6,2026,13,6,2026,10.391,-75.4794,7.1254,-73.1198
guia_344,bogota,cartagena,en_bodega,4504,5,6,2026,10,6,2026,4.711,-74.0721,10.391,-75.4794
guia_345,bucaramanga,cali,preparacion,2216,3,6,2026,13,6,2026,7.1254,-73.1198,3.4516,-76.532
guia_346,barranquilla,cartagena,en_transito,4091,1,6,2026,15,6,2026,10.9685,-74.7813,10.391,-75.4794
guia_347,pereira,bucaramanga,en_novedad,2877,5,6,2026,13,6,2026,4.8133,-75.6961,7.1254,-73.1198
guia_348,cartagena,bogota,en_bodega,4004,3,6,2026,13,6,2026,10.391,-75.4794,4.711,-74.0721
guia_349,medellin,cartagena,preparacion,1780,3,6,2026,10,6,2026,6.2442,-75.5812,10.391,-75.4794
guia_350,medellin,cali,en_novedad,1406,6,6,2026,10,6,2026,6.2442,-75.5812,3.4516,-76.532
guia_351,cartagena,cali,en_bodega,3121,5,6,2026,15,6,2026,10.391,-75.4794,3.4516,-76.532
guia_352,pereira,medellin,entregado,844,2,6,2026,14,6,2026,4.8133,-75.6961,6.2442,-75.5812
guia_353,barranquilla,pereira,en_novedad,2933,4,6,2026,11,6,2026,10.9685,-74.7813,4.8133,-75.6961
guia_354,bucaramanga,cali,preparacion,4487,2,6,2026,10,6,2026,7.1254,-73.1198,3.4516,-76.532
guia_355,pereira,bucaramanga,entregado,2298,5,6,2026,14,6,2026,4.8133,-75.6961,7.1254,-73.1198
guia_356,medellin,barranquilla,preparacion,3133,6,6,2026,8,6,2026,6.2442,-75.5812,10.9685,-74.7813
guia_357,cali,medellin,en_bodega,2956,5,6,2026,12,6,2026,3.4516,-76.532,6.2442,-75.5812
guia_358,bucaramanga,medellin,en_bodega,1587,4,6,2026,11,6,2026,7.1254,-73.1198,6.2442,-75.5812
guia_359,cartagena,medellin,en_novedad,1021,1,6,2026,10,6,2026,10.391,-75.4794,6.2442,-75.5812
guia_360,pereira,medellin,preparacion,4232,3,6,2026,11,6,2026,4.8133,-75.6961,6.2442,-75.5812
guia_361,pereira,barranquilla,preparacion,1205,3,6,2026,10,6,2026,4.8133,-75.6961,10.9685,-74.7813
guia_362,medellin,barranquilla,en_bodega,1786,1,6,2026,15,6,2026,6.2442,-75.5812,10.9685,-74.7813
guia_363,barranquilla,bucaramanga,entregado,3909,1,6,2026,14,6,2026,10.9685,-74.7813,7.1254,-73.1198
guia_364,pereira,cartagena,en_novedad,2408,2,6,2026,10,6,2026,4.8133,-75.6961,10.391,-75.4794
guia_365,bucaramanga,pereira,preparacion,2912,6,6,2026,15,6,2026,7.1254,-73.1198,4.8133,-75.6961
guia_366,bogota,medellin,en_novedad,3411,6,6,2026,14,6,2026,4.711,-74.0721,6.2442,-75.5812
guia_367,pereira,cartagena,en_transito,4057,5,6,2026,9,6,2026,4.8133,-75.6961,10.391,-75.4794
guia_368,cartagena,pereira,en_bodega,2612,3,6,2026,11,6,2026,10.391,-75.4794,4.8133,-75.6961
guia_369,medellin,bucaramanga,en_bodega,4794,5,6,2026,13,6,2026,6.2442,-75.5812,7.1254,-73.1198
guia_370,barranquilla,pereira,preparacion,1713,6,6,2026,10,6,2026,10.9685,-74.7813,4.8133,-75.6961
guia_371,bogota,medellin,en_transito,535,4,6,2026,10,6,2026,4.711,-74.0721,6.2442,-75.5812
guia_372,medellin,bogota,en_novedad,962,6,6,2026,15,6,2026,6.2442,-75.5812,4.711,-74.0721
guia_373,medellin,barranquilla,en_transito,749,6,6,2026,14,6,2026,6.2442,-75.5812,10.9685,-74.7813
guia_374,medellin,bucaramanga,preparacion,3675,2,6,2026,14,6,2026,6.2442,-75.5812,7.1254,-73.1198
guia_375,bogota,medellin,en_novedad,3874,1,6,2026,9,6,2026,4.711,-74.0721,6.2442,-75.5812
guia_376,barranquilla,cartagena,en_bodega,4173,2,6,2026,9,6,2026,10.9685,-74.7813,10.391,-75.4794
guia_377,cartagena,bogota,preparacion,3369,5,6,2026,14,6,2026,10.391,-75.4794,4.711,-74.0721
guia_378,cali,bogota,en_transito,1552,6,6,2026,11,6,2026,3.4516,-76.532,4.711,-74.0721
guia_379,bucaramanga,bogota,en_transito,2198,4,6,2026,11,6,2026,7.1254,-73.1198,4.711,-74.0721
guia_380,cali,pereira,preparacion,2912,6,6,2026,15,6,2026,3.4516,-76.532,4.8133,-75.6961
guia_381,cartagena,bogota,preparacion,4630,5,6,2026,15,6,2026,10.391,-75.4794,4.711,-74.0721
guia_382,bogota,pereira,en_transito,4101,1,6,2026,10,6,2026,4.711,-74.0721,4.8133,-75.6961
guia_383,cartagena,barranquilla,en_novedad,3853,6,6,2026,15,6,2026,10.391,-75.4794,10.9685,-74.7813
guia_384,barranquilla,bucaramanga,preparacion,4448,3,6,2026,11,6,2026,10.9685,-74.7813,7.1254,-73.1198
guia_385,medellin,bogota,en_transito,4133,2,6,2026,15,6,2026,6.2442,-75.5812,4.711,-74.0721
guia_386,bucaramanga,barranquilla,en_transito,2398,3,6,2026,9,6,2026,7.1254,-73.1198,10.9685,-74.7813
guia_387,cartagena,bogota,preparacion,4574,6,6,2026,13,6,2026,10.391,-75.4794,4.711,-74.0721
guia_388,medellin,cali,en_novedad,2984,2,6,2026,10,6,2026,6.2442,-75.5812,3.4516,-76.532
guia_389,cartagena,barranquilla,en_novedad,3156,4,6,2026,9,6,2026,10.391,-75.4794,10.9685,-74.7813
guia_390,bogota,cali,en_transito,2103,2,6,2026,8,6,2026,4.711,-74.0721,3.4516,-76.532
guia_391,bogota,bucaramanga,en_novedad,4156,4,6,2026,13,6,2026,4.711,-74.0721,7.1254,-73.1198
guia_392,medellin,cartagena,en_transito,677,3,6,2026,11,6,2026,6.2442,-75.5812,10.391,-75.4794
guia_393,barranquilla,medellin,en_bodega,2407,6,6,2026,8,6,2026,10.9685,-74.7813,6.2442,-75.5812
guia_394,cali,pereira,en_novedad,2577,5,6,2026,12,6,2026,3.4516,-76.532,4.8133,-75.6961
guia_395,barranquilla,cali,en_novedad,1118,3,6,2026,14,6,2026,10.9685,-74.7813,3.4516,-76.532
guia_396,medellin,bucaramanga,en_bodega,3415,5,6,2026,12,6,2026,6.2442,-75.5812,7.1254,-73.1198
guia_397,bucaramanga,pereira,en_transito,1595,3,6,2026,15,6,2026,7.1254,-73.1198,4.8133,-75.6961
guia_398,cali,medellin,entregado,1822,2,6,2026,9,6,2026,3.4516,-76.532,6.2442,-75.5812
guia_399,bogota,pereira,en_novedad,3355,6,6,2026,15,6,2026,4.711,-74.0721,4.8133,-75.6961
guia_400,barranquilla,cartagena,entregado,1283,6,6,2026,8,6,2026,10.9685,-74.7813,10.391,-75.4794
guia_401,bucaramanga,barranquilla,preparacion,761,3,6,2026,14,6,2026,7.1254,-73.1198,10.9685,-74.7813
guia_402,barranquilla,bucaramanga,en_novedad,2802,4,6,2026,14,6,2026,10.9685,-74.7813,7.1254,-73.1198
guia_403,barranquilla,bucaramanga,en_novedad,1438,5,6,2026,13,6,2026,10.9685,-74.7813,7.1254,-73.1198
guia_404,cartagena,medellin,entregado,2574,4,6,2026,15,6,2026,10.391,-75.4794,6.2442,-75.5812
guia_405,bogota,barranquilla,preparacion,1278,5,6,2026,15,6,2026,4.711,-74.0721,10.9685,-74.7813
guia_406,cartagena,bucaramanga,en_novedad,1347,5,6,2026,13,6,2026,10.391,-75.4794,7.1254,-73.1198
guia_407,medellin,pereira,preparacion,2460,6,6,2026,13,6,2026,6.2442,-75.5812,4.8133,-75.6961
guia_408,pereira,bogota,en_transito,1785,6,6,2026,14,6,2026,4.8133,-75.6961,4.711,-74.0721
guia_409,barranquilla,medellin,en_novedad,4710,4,6,2026,9,6,2026,10.9685,-74.7813,6.2442,-75.5812
guia_410,medellin,bogota,entregado,4609,6,6,2026,10,6,2026,6.2442,-75.5812,4.711,-74.0721
guia_411,cartagena,barranquilla,en_transito,1712,2,6,2026,12,6,2026,10.391,-75.4794,10.9685,-74.7813
guia_412,barranquilla,bogota,entregado,1136,6,6,2026,15,6,2026,10.9685,-74.7813,4.711,-74.0721
guia_413,bogota,cartagena,preparacion,508,1,6,2026,12,6,2026,4.711,-74.0721,10.391,-75.4794
guia_414,cali,medellin,en_novedad,3449,1,6,2026,9,6,2026,3.4516,-76.532,6.2442,-75.5812
guia_415,bogota,cartagena,en_transito,3529,4,6,2026,9,6,2026,4.711,-74.0721,10.391,-75.4794
guia_416,medellin,bogota,en_bodega,608,6,6,2026,14,6,2026,6.2442,-75.5812,4.711,-74.0721
guia_417,bogota,bucaramanga,en_transito,2261,4,6,2026,11,6,2026,4.711,-74.0721,7.1254,-73.1198
guia_418,pereira,barranquilla,preparacion,822,3,6,2026,12,6,2026,4.8133,-75.6961,10.9685,-74.7813
guia_419,bogota,cartagena,en_transito,4211,3,6,2026,9,6,2026,4.711,-74.0721,10.391,-75.4794
guia_420,medellin,cali,entregado,1650,6,6,2026,9,6,2026,6.2442,-75.5812,3.4516,-76.532
guia_421,cali,cartagena,en_novedad,3326,1,6,2026,8,6,2026,3.4516,-76.532,10.391,-75.4794
guia_422,pereira,medellin,en_transito,1766,6,6,2026,12,6,2026,4.8133,-75.6961,6.2442,-75.5812
guia_423,cartagena,medellin,en_bodega,4649,2,6,2026,12,6,2026,10.391,-75.4794,6.2442,-75.5812
guia_424,barranquilla,bogota,preparacion,3458,1,6,2026,12,6,2026,10.9685,-74.7813,4.711,-74.0721
guia_425,pereira,bucaramanga,en_bodega,3127,5,6,2026,10,6,2026,4.8133,-75.6961,7.1254,-73.1198
guia_426,cartagena,bogota,en_novedad,3906,5,6,2026,14,6,2026,10.391,-75.4794,4.711,-74.0721
guia_427,bogota,bucaramanga,en_novedad,2156,3,6,2026,10,6,2026,4.711,-74.0721,7.1254,-73.1198
guia_428,cali,pereira,en_transito,3009,3,6,2026,12,6,2026,3.4516,-76.532,4.8133,-75.6961
guia_429,medellin,cali,en_novedad,4199,4,6,2026,9,6,2026,6.2442,-75.5812,3.4516,-76.532
guia_430,cartagena,pereira,preparacion,3092,4,6,2026,9,6,2026,10.391,-75.4794,4.8133,-75.6961
guia_431,cartagena,medellin,preparacion,1254,1,6,2026,11,6,2026,10.391,-75.4794,6.2442,-75.5812
guia_432,barranquilla,cali,en_novedad,4217,4,6,2026,12,6,2026,10.9685,-74.7813,3.4516,-76.532
guia_433,bucaramanga,cali,en_bodega,4505,6,6,2026,14,6,2026,7.1254,-73.1198,3.4516,-76.532
guia_434,cartagena,pereira,en_novedad,1371,1,6,2026,10,6,2026,10.391,-75.4794,4.8133,-75.6961
guia_435,cali,bogota,en_novedad,968,5,6,2026,12,6,2026,3.4516,-76.532,4.711,-74.0721
guia_436,barranquilla,bucaramanga,preparacion,3870,5,6,2026,13,6,2026,10.9685,-74.7813,7.1254,-73.1198
guia_437,pereira,bucaramanga,entregado,697,6,6,2026,8,6,2026,4.8133,-75.6961,7.1254,-73.1198
guia_438,bucaramanga,pereira,en_bodega,3130,6,6,2026,10,6,2026,7.1254,-73.1198,4.8133,-75.6961
guia_439,cali,cartagena,en_transito,2166,4,6,2026,14,6,2026,3.4516,-76.532,10.391,-75.4794
guia_440,bogota,pereira,en_bodega,881,6,6,2026,10,6,2026,4.711,-74.0721,4.8133,-75.6961
guia_441,medellin,cartagena,en_transito,1725,5,6,2026,13,6,2026,6.2442,-75.5812,10.391,-75.4794
guia_442,cali,medellin,preparacion,3689,3,6,2026,13,6,2026,3.4516,-76.532,6.2442,-75.5812
guia_443,bogota,barranquilla,en_transito,2330,6,6,2026,13,6,2026,4.711,-74.0721,10.9685,-74.7813
guia_444,cartagena,pereira,preparacion,4330,4,6,2026,11,6,2026,10.391,-75.4794,4.8133,-75.6961
guia_445,bogota,bucaramanga,preparacion,4023,4,6,2026,14,6,2026,4.711,-74.0721,7.1254,-73.1198
guia_446,bogota,cartagena,preparacion,4767,1,6,2026,9,6,2026,4.711,-74.0721,10.391,-75.4794
guia_447,bucaramanga,cali,entregado,1864,5,6,2026,13,6,2026,7.1254,-73.1198,3.4516,-76.532
guia_448,cali,medellin,en_bodega,4655,4,6,2026,14,6,2026,3.4516,-76.532,6.2442,-75.5812
guia_449,bucaramanga,cartagena,en_novedad,3378,2,6,2026,9,6,2026,7.1254,-73.1198,10.391,-75.4794
guia_450,medellin,bogota,en_novedad,2218,6,6,2026,9,6,2026,6.2442,-75.5812,4.711,-74.0721
guia_451,pereira,cali,preparacion,1855,4,6,2026,13,6,2026,4.8133,-75.6961,3.4516,-76.532
guia_452,bucaramanga,medellin,en_bodega,2843,1,6,2026,11,6,2026,7.1254,-73.1198,6.2442,-75.5812
guia_453,cali,pereira,en_novedad,4648,6,6,2026,14,6,2026,3.4516,-76.532,4.8133,-75.6961
guia_454,cali,medellin,en_novedad,3384,4,6,2026,9,6,2026,3.4516,-76.532,6.2442,-75.5812
guia_455,pereira,cali,en_bodega,1343,2,6,2026,8,6,2026,4.8133,-75.6961,3.4516,-76.532
guia_456,pereira,bucaramanga,en_novedad,1796,6,6,2026,15,6,2026,4.8133,-75.6961,7.1254,-73.1198
guia_457,cartagena,barranquilla,en_transito,4031,6,6,2026,15,6,2026,10.391,-75.4794,10.9685,-74.7813
guia_458,bogota,bucaramanga,en_novedad,3807,1,6,2026,8,6,2026,4.711,-74.0721,7.1254,-73.1198
guia_459,barranquilla,medellin,en_transito,4203,1,6,2026,12,6,2026,10.9685,-74.7813,6.2442,-75.5812
guia_460,bucaramanga,cartagena,en_novedad,3604,3,6,2026,9,6,2026,7.1254,-73.1198,10.391,-75.4794
guia_461,barranquilla,bogota,en_bodega,1542,5,6,2026,15,6,2026,10.9685,-74.7813,4.711,-74.0721
guia_462,bucaramanga,cartagena,en_bodega,2721,6,6,2026,10,6,2026,7.1254,-73.1198,10.391,-75.4794
guia_463,barranquilla,cartagena,preparacion,1250,1,6,2026,12,6,2026,10.9685,-74.7813,10.391,-75.4794
guia_464,medellin,barranquilla,preparacion,2952,5,6,2026,14,6,2026,6.2442,-75.5812,10.9685,-74.7813
guia_465,medellin,cali,en_bodega,4281,3,6,2026,8,6,2026,6.2442,-75.5812,3.4516,-76.532
guia_466,bucaramanga,barranquilla,en_transito,2720,4,6,2026,8,6,2026,7.1254,-73.1198,10.9685,-74.7813
guia_467,medellin,cartagena,preparacion,3946,6,6,2026,13,6,2026,6.2442,-75.5812,10.391,-75.4794
guia_468,bucaramanga,pereira,entregado,1435,5,6,2026,9,6,2026,7.1254,-73.1198,4.8133,-75.6961
guia_469,bucaramanga,cali,preparacion,4669,5,6,2026,8,6,2026,7.1254,-73.1198,3.4516,-76.532
guia_470,pereira,barranquilla,en_novedad,641,2,6,2026,12,6,2026,4.8133,-75.6961,10.9685,-74.7813
guia_471,barranquilla,pereira,en_transito,1069,5,6,2026,15,6,2026,10.9685,-74.7813,4.8133,-75.6961
guia_472,medellin,bucaramanga,en_novedad,962,3,6,2026,12,6,2026,6.2442,-75.5812,7.1254,-73.1198
guia_473,pereira,medellin,en_bodega,1149,3,6,2026,11,6,2026,4.8133,-75.6961,6.2442,-75.5812
guia_474,barranquilla,bucaramanga,en_novedad,4575,4,6,2026,14,6,2026,10.9685,-74.7813,7.1254,-73.1198
guia_475,cali,medellin,preparacion,970,3,6,2026,15,6,2026,3.4516,-76.532,6.2442,-75.5812
guia_476,bogota,medellin,entregado,2983,4,6,2026,12,6,2026,4.711,-74.0721,6.2442,-75.5812
guia_477,cali,medellin,entregado,3044,6,6,2026,11,6,2026,3.4516,-76.532,6.2442,-75.5812
guia_478,cali,bogota,preparacion,4799,1,6,2026,10,6,2026,3.4516,-76.532,4.711,-74.0721
guia_479,cartagena,bogota,en_bodega,3938,6,6,2026,13,6,2026,10.391,-75.4794,4.711,-74.0721
guia_480,bogota,medellin,en_novedad,2522,2,6,2026,9,6,2026,4.711,-74.0721,6.2442,-75.5812
guia_481,pereira,bucaramanga,en_transito,1153,1,6,2026,12,6,2026,4.8133,-75.6961,7.1254,-73.1198
guia_482,cartagena,bogota,en_novedad,2272,1,6,2026,11,6,2026,10.391,-75.4794,4.711,-74.0721
guia_483,bucaramanga,medellin,preparacion,3163,1,6,2026,12,6,2026,7.1254,-73.1198,6.2442,-75.5812
guia_484,bogota,cartagena,entregado,1153,2,6,2026,11,6,2026,4.711,-74.0721,10.391,-75.4794
guia_485,bucaramanga,medellin,en_bodega,3034,6,6,2026,12,6,2026,7.1254,-73.1198,6.2442,-75.5812
guia_486,cartagena,pereira,preparacion,1414,2,6,2026,11,6,2026,10.391,-75.4794,4.8133,-75.6961
guia_487,barranquilla,cartagena,preparacion,1794,6,6,2026,13,6,2026,10.9685,-74.7813,10.391,-75.4794
guia_488,pereira,bogota,en_novedad,2844,3,6,2026,14,6,2026,4.8133,-75.6961,4.711,-74.0721
guia_489,barranquilla,cali,en_transito,1471,4,6,2026,11,6,2026,10.9685,-74.7813,3.4516,-76.532
guia_490,pereira,bogota,en_bodega,1878,5,6,2026,11,6,2026,4.8133,-75.6961,4.711,-74.0721
guia_491,bogota,medellin,en_novedad,2433,6,6,2026,14,6,2026,4.711,-74.0721,6.2442,-75.5812
guia_492,bogota,pereira,en_novedad,2890,3,6,2026,10,6,2026,4.711,-74.0721,4.8133,-75.6961
guia_493,bucaramanga,cali,en_transito,2327,1,6,2026,9,6,2026,7.1254,-73.1198,3.4516,-76.532
guia_494,cali,bogota,preparacion,1837,3,6,2026,14,6,2026,3.4516,-76.532,4.711,-74.0721
guia_495,cartagena,pereira,en_novedad,3603,4,6,2026,15,6,2026,10.391,-75.4794,4.8133,-75.6961
guia_496,medellin,bucaramanga,en_transito,1458,1,6,2026,9,6,2026,6.2442,-75.5812,7.1254,-73.1198
guia_497,bucaramanga,pereira,preparacion,3522,4,6,2026,15,6,2026,7.1254,-73.1198,4.8133,-75.6961
guia_498,bucaramanga,barranquilla,entregado,3280,2,6,2026,12,6,2026,7.1254,-73.1198,10.9685,-74.7813
guia_499,cartagena,bucaramanga,en_novedad,2331,3,6,2026,14,6,2026,10.391,-75.4794,7.1254,-73.1198
guia_500,cali,pereira,en_bodega,1029,2,6,2026,14,6,2026,3.4516,-76.532,4.8133,-75.6961
guia_501,medellin,barranquilla,preparacion,4018,4,6,2026,14,6,2026,6.2442,-75.5812,10.9685,-74.7813
guia_502,cali,barranquilla,preparacion,2119,6,6,2026,12,6,2026,3.4516,-76.532,10.9685,-74.7813
guia_503,barranquilla,cartagena,en_novedad,944,1,6,2026,11,6,2026,10.9685,-74.7813,10.391,-75.4794
guia_504,medellin,barranquilla,preparacion,3237,5,6,2026,8,6,2026,6.2442,-75.5812,10.9685,-74.7813
guia_505,medellin,pereira,preparacion,2473,1,6,2026,15,6,2026,6.2442,-75.5812,4.8133,-75.6961
guia_506,bogota,bucaramanga,en_bodega,3608,1,6,2026,11,6,2026,4.711,-74.0721,7.1254,-73.1198
guia_507,cali,barranquilla,en_novedad,1696,1,6,2026,14,6,2026,3.4516,-76.532,10.9685,-74.7813
guia_508,pereira,cali,preparacion,3765,3,6,2026,8,6,2026,4.8133,-75.6961,3.4516,-76.532
guia_509,barranquilla,cartagena,en_bodega,3261,4,6,2026,9,6,2026,10.9685,-74.7813,10.391,-75.4794
guia_510,pereira,medellin,preparacion,943,3,6,2026,9,6,2026,4.8133,-75.6961,6.2442,-75.5812
guia_511,pereira,medellin,preparacion,1121,6,6,2026,11,6,2026,4.8133,-75.6961,6.2442,-75.5812
guia_512,barranquilla,bucaramanga,preparacion,2847,3,6,2026,9,6,2026,10.9685,-74.7813,7.1254,-73.1198
guia_513,cali,pereira,preparacion,2870,5,6,2026,14,6,2026,3.4516,-76.532,4.8133,-75.6961
guia_514,barranquilla,cartagena,en_transito,1845,3,6,2026,15,6,2026,10.9685,-74.7813,10.391,-75.4794
guia_515,cartagena,cali,preparacion,1180,1,6,2026,12,6,2026,10.391,-75.4794,3.4516,-76.532
guia_516,pereira,bucaramanga,entregado,3578,5,6,2026,10,6,2026,4.8133,-75.6961,7.1254,-73.1198
guia_517,barranquilla,bogota,en_bodega,789,1,6,2026,15,6,2026,10.9685,-74.7813,4.711,-74.0721
guia_518,bogota,cartagena,en_novedad,802,3,6,2026,10,6,2026,4.711,-74.0721,10.391,-75.4794
guia_519,bogota,barranquilla,entregado,1258,1,6,2026,12,6,2026,4.711,-74.0721,10.9685,-74.7813
guia_520,cartagena,medellin,en_novedad,2409,2,6,2026,10,6,2026,10.391,-75.4794,6.2442,-75.5812
guia_521,bucaramanga,barranquilla,en_bodega,2294,2,6,2026,8,6,2026,7.1254,-73.1198,10.9685,-74.7813
guia_522,cali,barranquilla,preparacion,3295,4,6,2026,15,6,2026,3.4516,-76.532,10.9685,-74.7813
guia_523,pereira,barranquilla,en_bodega,4626,2,6,2026,13,6,2026,4.8133,-75.6961,10.9685,-74.7813
guia_524,barranquilla,cartagena,entregado,914,2,6,2026,8,6,2026,10.9685,-74.7813,10.391,-75.4794
guia_525,cartagena,pereira,preparacion,4543,1,6,2026,14,6,2026,10.391,-75.4794,4.8133,-75.6961
guia_526,medellin,cartagena,preparacion,2351,6,6,2026,9,6,2026,6.2442,-75.5812,10.391,-75.4794
guia_527,cali,pereira,en_novedad,2109,3,6,2026,9,6,2026,3.4516,-76.532,4.8133,-75.6961
guia_528,cartagena,cali,en_bodega,3220,4,6,2026,11,6,2026,10.391,-75.4794,3.4516,-76.532
guia_529,cali,bogota,en_transito,1958,2,6,2026,13,6,2026,3.4516,-76.532,4.711,-74.0721
guia_530,pereira,cartagena,en_transito,4239,2,6,2026,13,6,2026,4.8133,-75.6961,10.391,-75.4794
guia_531,bogota,medellin,en_novedad,1795,6,6,2026,13,6,2026,4.711,-74.0721,6.2442,-75.5812
guia_532,medellin,pereira,en_transito,3683,3,6,2026,14,6,2026,6.2442,-75.5812,4.8133,-75.6961
guia_533,cali,medellin,entregado,4538,3,6,2026,15,6,2026,3.4516,-76.532,6.2442,-75.5812
guia_534,medellin,pereira,en_novedad,3523,2,6,2026,15,6,2026,6.2442,-75.5812,4.8133,-75.6961
guia_535,medellin,cali,en_bodega,4224,6,6,2026,13,6,2026,6.2442,-75.5812,3.4516,-76.532
guia_536,medellin,bogota,entregado,3598,1,6,2026,10,6,2026,6.2442,-75.5812,4.711,-74.0721
guia_537,barranquilla,cali,en_transito,2433,4,6,2026,9,6,2026,10.9685,-74.7813,3.4516,-76.532
guia_538,pereira,medellin,en_novedad,3148,6,6,2026,11,6,2026,4.8133,-75.6961,6.2442,-75.5812
guia_539,bogota,bucaramanga,preparacion,4451,1,6,2026,12,6,2026,4.711,-74.0721,7.1254,-73.1198
guia_540,medellin,cali,en_transito,2259,4,6,2026,14,6,2026,6.2442,-75.5812,3.4516,-76.532
guia_541,barranquilla,bucaramanga,entregado,509,4,6,2026,13,6,2026,10.9685,-74.7813,7.1254,-73.1198
guia_542,pereira,bogota,en_novedad,3993,4,6,2026,11,6,2026,4.8133,-75.6961,4.711,-74.0721
guia_543,bucaramanga,pereira,en_novedad,2498,4,6,2026,13,6,2026,7.1254,-73.1198,4.8133,-75.6961
guia_544,medellin,barranquilla,en_bodega,3660,5,6,2026,10,6,2026,6.2442,-75.5812,10.9685,-74.7813
guia_545,bucaramanga,bogota,en_bodega,4539,3,6,2026,9,6,2026,7.1254,-73.1198,4.711,-74.0721
guia_546,barranquilla,cartagena,entregado,2303,3,6,2026,13,6,2026,10.9685,-74.7813,10.391,-75.4794
guia_547,cali,pereira,en_transito,4130,5,6,2026,9,6,2026,3.4516,-76.532,4.8133,-75.6961
guia_548,cartagena,pereira,en_transito,4688,1,6,2026,15,6,2026,10.391,-75.4794,4.8133,-75.6961
guia_549,pereira,medellin,en_novedad,3236,5,6,2026,9,6,2026,4.8133,-75.6961,6.2442,-75.5812
guia_550,bogota,cartagena,preparacion,1278,6,6,2026,10,6,2026,4.711,-74.0721,10.391,-75.4794
guia_551,pereira,bucaramanga,preparacion,2174,4,6,2026,9,6,2026,4.8133,-75.6961,7.1254,-73.1198
guia_552,cartagena,cali,en_bodega,2012,3,6,2026,13,6,2026,10.391,-75.4794,3.4516,-76.532
guia_553,cartagena,medellin,entregado,717,6,6,2026,8,6,2026,10.391,-75.4794,6.2442,-75.5812
guia_554,medellin,cartagena,en_bodega,2510,3,6,2026,8,6,2026,6.2442,-75.5812,10.391,-75.4794
guia_555,barranquilla,pereira,entregado,4179,2,6,2026,10,6,2026,10.9685,-74.7813,4.8133,-75.6961
guia_556,bogota,cartagena,en_novedad,4256,2,6,2026,14,6,2026,4.711,-74.0721,10.391,-75.4794
guia_557,cartagena,medellin,en_bodega,672,2,6,2026,8,6,2026,10.391,-75.4794,6.2442,-75.5812
guia_558,cali,cartagena,en_transito,2459,4,6,2026,8,6,2026,3.4516,-76.532,10.391,-75.4794
guia_559,cali,barranquilla,entregado,2807,2,6,2026,13,6,2026,3.4516,-76.532,10.9685,-74.7813
guia_560,bogota,medellin,preparacion,3416,3,6,2026,10,6,2026,4.711,-74.0721,6.2442,-75.5812
guia_561,medellin,pereira,en_transito,4790,2,6,2026,8,6,2026,6.2442,-75.5812,4.8133,-75.6961
guia_562,bogota,pereira,en_bodega,3950,6,6,2026,9,6,2026,4.711,-74.0721,4.8133,-75.6961
guia_563,cali,medellin,preparacion,3519,6,6,2026,9,6,2026,3.4516,-76.532,6.2442,-75.5812
guia_564,bogota,medellin,en_novedad,3180,4,6,2026,10,6,2026,4.711,-74.0721,6.2442,-75.5812
guia_565,cartagena,pereira,preparacion,1871,2,6,2026,11,6,2026,10.391,-75.4794,4.8133,-75.6961
guia_566,cartagena,pereira,en_bodega,4515,6,6,2026,13,6,2026,10.391,-75.4794,4.8133,-75.6961
guia_567,cartagena,bucaramanga,en_novedad,3735,1,6,2026,13,6,2026,10.391,-75.4794,7.1254,-73.1198
guia_568,bucaramanga,pereira,entregado,2496,1,6,2026,10,6,2026,7.1254,-73.1198,4.8133,-75.6961
guia_569,cartagena,bogota,en_novedad,4415,4,6,2026,8,6,2026,10.391,-75.4794,4.711,-74.0721
guia_570,bogota,pereira,en_bodega,2931,2,6,2026,9,6,2026,4.711,-74.0721,4.8133,-75.6961
guia_571,cartagena,bogota,en_bodega,587,4,6,2026,8,6,2026,10.391,-75.4794,4.711,-74.0721
guia_572,barranquilla,cali,en_transito,961,6,6,2026,10,6,2026,10.9685,-74.7813,3.4516,-76.532
guia_573,cartagena,bogota,entregado,1038,5,6,2026,8,6,2026,10.391,-75.4794,4.711,-74.0721
guia_574,barranquilla,pereira,preparacion,3849,1,6,2026,8,6,2026,10.9685,-74.7813,4.8133,-75.6961
guia_575,cali,bucaramanga,en_novedad,3613,4,6,2026,11,6,2026,3.4516,-76.532,7.1254,-73.1198
guia_576,bucaramanga,barranquilla,en_bodega,2929,4,6,2026,11,6,2026,7.1254,-73.1198,10.9685,-74.7813
guia_577,cartagena,pereira,entregado,1793,1,6,2026,11,6,2026,10.391,-75.4794,4.8133,-75.6961
guia_578,barranquilla,cali,en_transito,1653,2,6,2026,12,6,2026,10.9685,-74.7813,3.4516,-76.532
guia_579,barranquilla,cali,en_bodega,755,1,6,2026,10,6,2026,10.9685,-74.7813,3.4516,-76.532
guia_580,pereira,medellin,en_transito,4717,2,6,2026,9,6,2026,4.8133,-75.6961,6.2442,-75.5812
guia_581,cali,pereira,en_novedad,4081,6,6,2026,14,6,2026,3.4516,-76.532,4.8133,-75.6961
guia_582,bucaramanga,barranquilla,en_transito,3737,1,6,2026,15,6,2026,7.1254,-73.1198,10.9685,-74.7813
guia_583,bogota,barranquilla,preparacion,4037,1,6,2026,9,6,2026,4.711,-74.0721,10.9685,-74.7813
guia_584,medellin,cartagena,en_transito,2057,2,6,2026,15,6,2026,6.2442,-75.5812,10.391,-75.4794
guia_585,cartagena,barranquilla,preparacion,1228,1,6,2026,8,6,2026,10.391,-75.4794,10.9685,-74.7813
guia_586,cartagena,medellin,entregado,4742,3,6,2026,12,6,2026,10.391,-75.4794,6.2442,-75.5812
guia_587,bucaramanga,cartagena,en_transito,1820,6,6,2026,9,6,2026,7.1254,-73.1198,10.391,-75.4794
guia_588,bucaramanga,barranquilla,en_novedad,2063,2,6,2026,10,6,2026,7.1254,-73.1198,10.9685,-74.7813
guia_589,cartagena,cali,entregado,2014,5,6,2026,11,6,2026,10.391,-75.4794,3.4516,-76.532
guia_590,pereira,cali,en_novedad,1219,6,6,2026,9,6,2026,4.8133,-75.6961,3.4516,-76.532
guia_591,barranquilla,pereira,preparacion,3784,1,6,2026,10,6,2026,10.9685,-74.7813,4.8133,-75.6961
guia_592,pereira,medellin,en_transito,1324,4,6,2026,11,6,2026,4.8133,-75.6961,6.2442,-75.5812
guia_593,bogota,barranquilla,en_novedad,1800,1,6,2026,8,6,2026,4.711,-74.0721,10.9685,-74.7813
guia_594,pereira,medellin,entregado,2679,1,6,2026,15,6,2026,4.8133,-75.6961,6.2442,-75.5812
guia_595,bucaramanga,bogota,en_bodega,3524,6,6,2026,9,6,2026,7.1254,-73.1198,4.711,-74.0721
guia_596,bogota,pereira,en_bodega,1591,5,6,2026,14,6,2026,4.711,-74.0721,4.8133,-75.6961
guia_597,cali,barranquilla,entregado,4698,1,6,2026,14,6,2026,3.4516,-76.532,10.9685,-74.7813
guia_598,cartagena,bucaramanga,en_novedad,3949,5,6,2026,10,6,2026,10.391,-75.4794,7.1254,-73.1198
guia_599,pereira,barranquilla,entregado,1720,3,6,2026,13,6,2026,4.8133,-75.6961,10.9685,-74.7813
